{
  "status": "200",
  "message": "data found",
  "data": [
    {
      "title": "Promo enak 1",
      "url": "www.google.com/?promo1",
      "img": "https://i.ytimg.com/vi/_-5UxJGprS8/maxresdefault.jpg"
    },
    {
      "title": "Mall Summarecon Bekasi",
      "url": "www.google.com/?sumareconbekasi",
      "img": "http://images.malkelapagading.com/tenant/Kopi-Janji-Jiwafoto.jpg"
    },
    {
      "title": "Jiwa Toast",
      "url": "www.google.com/?promo3",
      "img": "https://img.qraved.co/v2/image/data/59694968-678203429291384-6342367585346741878-n-1569468486854-m.jpeg"
    },
    {
      "title": "Paket Segar",
      "url": "www.google.com/?promo-segar",
      "img": "https://img.qraved.co/v2/image/data/66655092-135918184312371-8405195932537399344-n-1569469007700-m.jpeg"
    }
  ]
}